name,link,review_score,review_count,area
Beautiful villa with air conditioning large private swimming pool and near St Remy de Provence,https://www.booking.com/hotel/fr/bastide-provencale-eyragues.fr.html?aid=304142&label=gen173nr-1FCAQoggJCD3NlYXJjaF9leXJhZ3Vlc0gNWARoTYgBAZgBDbgBF8gBDNgBAegBAfgBA4gCAagCA7gC4czGnQbAAgHSAiQ0ZDJmYWE0ZS05MTc0LTQyMDctYmUwOS00MTNkYTVjMTNhMjjYAgXgAgE&ucfs=1&arphpl=1&group_adults=2&req_adults=2&no_rooms=1&group_children=0&req_children=0&hpos=1&hapos=1&sr_order=class&srpvid=5edc6cb00e63042a&srepoch=1672586867&from=searchresults#hotelTmpl,N/A,N/A,Eyragues
La case d'Eyragues au coeur des Alpilles,https://www.booking.com/hotel/fr/la-case-d-eyragues-au-coeur-des-alpilles.fr.html?aid=304142&label=gen173nr-1FCAQoggJCD3NlYXJjaF9leXJhZ3Vlc0gNWARoTYgBAZgBDbgBF8gBDNgBAegBAfgBA4gCAagCA7gC4czGnQbAAgHSAiQ0ZDJmYWE0ZS05MTc0LTQyMDctYmUwOS00MTNkYTVjMTNhMjjYAgXgAgE&ucfs=1&arphpl=1&group_adults=2&req_adults=2&no_rooms=1&group_children=0&req_children=0&hpos=2&hapos=2&sr_order=class&srpvid=5edc6cb00e63042a&srepoch=1672586867&from=searchresults#hotelTmpl,N/A,N/A,Eyragues
Villa de prestige 10 personnes à Eyragues,https://www.booking.com/hotel/fr/villa-de-prestige-10-personnes-a-eyragues.fr.html?aid=304142&label=gen173nr-1FCAQoggJCD3NlYXJjaF9leXJhZ3Vlc0gNWARoTYgBAZgBDbgBF8gBDNgBAegBAfgBA4gCAagCA7gC4czGnQbAAgHSAiQ0ZDJmYWE0ZS05MTc0LTQyMDctYmUwOS00MTNkYTVjMTNhMjjYAgXgAgE&ucfs=1&arphpl=1&group_adults=2&req_adults=2&no_rooms=1&group_children=0&req_children=0&hpos=3&hapos=3&sr_order=class&srpvid=5edc6cb00e63042a&srepoch=1672586867&from=searchresults#hotelTmpl,N/A,N/A,Eyragues
"Maison tendance avec jardin, centre village, Alpilles, familles",https://www.booking.com/hotel/fr/les-mazets-de-jules-2.fr.html?aid=304142&label=gen173nr-1FCAQoggJCD3NlYXJjaF9leXJhZ3Vlc0gNWARoTYgBAZgBDbgBF8gBDNgBAegBAfgBA4gCAagCA7gC4czGnQbAAgHSAiQ0ZDJmYWE0ZS05MTc0LTQyMDctYmUwOS00MTNkYTVjMTNhMjjYAgXgAgE&ucfs=1&arphpl=1&group_adults=2&req_adults=2&no_rooms=1&group_children=0&req_children=0&hpos=4&hapos=4&sr_order=class&srpvid=5edc6cb00e63042a&srepoch=1672586867&from=searchresults#hotelTmpl,"8,7",12 expériences vécues,Eyragues
Maison d'hôtes Le Pré Gourmand - Adults only,https://www.booking.com/hotel/fr/le-pre-gourmand-eyragues.fr.html?aid=304142&label=gen173nr-1FCAQoggJCD3NlYXJjaF9leXJhZ3Vlc0gNWARoTYgBAZgBDbgBF8gBDNgBAegBAfgBA4gCAagCA7gC4czGnQbAAgHSAiQ0ZDJmYWE0ZS05MTc0LTQyMDctYmUwOS00MTNkYTVjMTNhMjjYAgXgAgE&ucfs=1&arphpl=1&group_adults=2&req_adults=2&no_rooms=1&group_children=0&req_children=0&hpos=5&hapos=5&sr_order=class&srpvid=5edc6cb00e63042a&srepoch=1672586867&from=searchresults#hotelTmpl,"9,1",82 expériences vécues,Eyragues
Maison Beally,https://www.booking.com/hotel/fr/maison-beally.fr.html?aid=304142&label=gen173nr-1FCAQoggJCD3NlYXJjaF9leXJhZ3Vlc0gNWARoTYgBAZgBDbgBF8gBDNgBAegBAfgBA4gCAagCA7gC4czGnQbAAgHSAiQ0ZDJmYWE0ZS05MTc0LTQyMDctYmUwOS00MTNkYTVjMTNhMjjYAgXgAgE&ucfs=1&arphpl=1&group_adults=2&req_adults=2&no_rooms=1&group_children=0&req_children=0&hpos=6&hapos=6&sr_order=class&srpvid=5edc6cb00e63042a&srepoch=1672586867&from=searchresults#hotelTmpl,N/A,N/A,Eyragues
Modern holiday cottage with swimming pool and close to beautiful Saint Remy de Provence,https://www.booking.com/hotel/fr/mazet-provencale.fr.html?aid=304142&label=gen173nr-1FCAQoggJCD3NlYXJjaF9leXJhZ3Vlc0gNWARoTYgBAZgBDbgBF8gBDNgBAegBAfgBA4gCAagCA7gC4czGnQbAAgHSAiQ0ZDJmYWE0ZS05MTc0LTQyMDctYmUwOS00MTNkYTVjMTNhMjjYAgXgAgE&ucfs=1&arphpl=1&group_adults=2&req_adults=2&no_rooms=1&group_children=0&req_children=0&hpos=7&hapos=7&sr_order=class&srpvid=5edc6cb00e63042a&srepoch=1672586867&from=searchresults#hotelTmpl,N/A,N/A,Eyragues
"Maison tendance avec jardin, centre village, Alpilles, familles",https://www.booking.com/hotel/fr/maison-de-village-dans-les-alpilles-a-5-min-de-saint-remy-de-provence.fr.html?aid=304142&label=gen173nr-1FCAQoggJCD3NlYXJjaF9leXJhZ3Vlc0gNWARoTYgBAZgBDbgBF8gBDNgBAegBAfgBA4gCAagCA7gC4czGnQbAAgHSAiQ0ZDJmYWE0ZS05MTc0LTQyMDctYmUwOS00MTNkYTVjMTNhMjjYAgXgAgE&ucfs=1&arphpl=1&group_adults=2&req_adults=2&no_rooms=1&group_children=0&req_children=0&hpos=8&hapos=8&sr_order=class&srpvid=5edc6cb00e63042a&srepoch=1672586867&from=searchresults#hotelTmpl,"9,2",19 expériences vécues,Eyragues
Holiday Home Siflora,https://www.booking.com/hotel/fr/holiday-home-siflora.fr.html?aid=304142&label=gen173nr-1FCAQoggJCD3NlYXJjaF9leXJhZ3Vlc0gNWARoTYgBAZgBDbgBF8gBDNgBAegBAfgBA4gCAagCA7gC4czGnQbAAgHSAiQ0ZDJmYWE0ZS05MTc0LTQyMDctYmUwOS00MTNkYTVjMTNhMjjYAgXgAgE&ucfs=1&arphpl=1&group_adults=2&req_adults=2&no_rooms=1&group_children=0&req_children=0&hpos=9&hapos=9&sr_order=class&srpvid=5edc6cb00e63042a&srepoch=1672586867&from=searchresults#hotelTmpl,"9,3",3 expériences vécues,Eyragues
bel appartement 2 chambres au coeur du village,https://www.booking.com/hotel/fr/bel-appartement-2-chambres-au-coeur-du-village-eyragues.fr.html?aid=304142&label=gen173nr-1FCAQoggJCD3NlYXJjaF9leXJhZ3Vlc0gNWARoTYgBAZgBDbgBF8gBDNgBAegBAfgBA4gCAagCA7gC4czGnQbAAgHSAiQ0ZDJmYWE0ZS05MTc0LTQyMDctYmUwOS00MTNkYTVjMTNhMjjYAgXgAgE&ucfs=1&arphpl=1&group_adults=2&req_adults=2&no_rooms=1&group_children=0&req_children=0&hpos=10&hapos=10&sr_order=class&srpvid=5edc6cb00e63042a&srepoch=1672586867&from=searchresults#hotelTmpl,"9,8",13 expériences vécues,Eyragues
Cocon familial à la ferme,https://www.booking.com/hotel/fr/cocon-familial-a-la-ferme.fr.html?aid=304142&label=gen173nr-1FCAQoggJCD3NlYXJjaF9leXJhZ3Vlc0gNWARoTYgBAZgBDbgBF8gBDNgBAegBAfgBA4gCAagCA7gC4czGnQbAAgHSAiQ0ZDJmYWE0ZS05MTc0LTQyMDctYmUwOS00MTNkYTVjMTNhMjjYAgXgAgE&ucfs=1&arphpl=1&group_adults=2&req_adults=2&no_rooms=1&group_children=0&req_children=0&hpos=11&hapos=11&sr_order=class&srpvid=5edc6cb00e63042a&srepoch=1672586867&from=searchresults#hotelTmpl,"9,4",36 expériences vécues,Eyragues
Eyragues suite parentale,https://www.booking.com/hotel/fr/eyragues-suite-parentale.fr.html?aid=304142&label=gen173nr-1FCAQoggJCD3NlYXJjaF9leXJhZ3Vlc0gNWARoTYgBAZgBDbgBF8gBDNgBAegBAfgBA4gCAagCA7gC4czGnQbAAgHSAiQ0ZDJmYWE0ZS05MTc0LTQyMDctYmUwOS00MTNkYTVjMTNhMjjYAgXgAgE&ucfs=1&arphpl=1&group_adults=2&req_adults=2&no_rooms=1&group_children=0&req_children=0&hpos=12&hapos=12&sr_order=class&srpvid=5edc6cb00e63042a&srepoch=1672586867&from=searchresults#hotelTmpl,"8,8",79 expériences vécues,Eyragues
Roulotte du Soleil,https://www.booking.com/hotel/fr/ga-r-tes-et-roulotte-du-sleil.fr.html?aid=304142&label=gen173nr-1FCAQoggJCD3NlYXJjaF9leXJhZ3Vlc0gNWARoTYgBAZgBDbgBF8gBDNgBAegBAfgBA4gCAagCA7gC4czGnQbAAgHSAiQ0ZDJmYWE0ZS05MTc0LTQyMDctYmUwOS00MTNkYTVjMTNhMjjYAgXgAgE&ucfs=1&arphpl=1&group_adults=2&req_adults=2&no_rooms=1&group_children=0&req_children=0&hpos=13&hapos=13&sr_order=class&srpvid=5edc6cb00e63042a&srepoch=1672586867&from=searchresults#hotelTmpl,"8,9",35 expériences vécues,Eyragues
"Sous les chênes, en Provence",https://www.booking.com/hotel/fr/sous-le-chene-eyragues.fr.html?aid=304142&label=gen173nr-1FCAQoggJCD3NlYXJjaF9leXJhZ3Vlc0gNWARoTYgBAZgBDbgBF8gBDNgBAegBAfgBA4gCAagCA7gC4czGnQbAAgHSAiQ0ZDJmYWE0ZS05MTc0LTQyMDctYmUwOS00MTNkYTVjMTNhMjjYAgXgAgE&ucfs=1&arphpl=1&group_adults=2&req_adults=2&no_rooms=1&group_children=0&req_children=0&hpos=14&hapos=14&sr_order=class&srpvid=5edc6cb00e63042a&srepoch=1672586867&from=searchresults#hotelTmpl,"9,4",37 expériences vécues,Eyragues
Sophie et Jamiel,https://www.booking.com/hotel/fr/sophie-et-jamiel.fr.html?aid=304142&label=gen173nr-1FCAQoggJCD3NlYXJjaF9leXJhZ3Vlc0gNWARoTYgBAZgBDbgBF8gBDNgBAegBAfgBA4gCAagCA7gC4czGnQbAAgHSAiQ0ZDJmYWE0ZS05MTc0LTQyMDctYmUwOS00MTNkYTVjMTNhMjjYAgXgAgE&ucfs=1&arphpl=1&group_adults=2&req_adults=2&no_rooms=1&group_children=0&req_children=0&hpos=15&hapos=15&sr_order=class&srpvid=5edc6cb00e63042a&srepoch=1672586867&from=searchresults#hotelTmpl,"9,8",21 expériences vécues,Eyragues
Le Clos Martin,https://www.booking.com/hotel/fr/martin-eyragues.fr.html?aid=304142&label=gen173nr-1FCAQoggJCD3NlYXJjaF9leXJhZ3Vlc0gNWARoTYgBAZgBDbgBF8gBDNgBAegBAfgBA4gCAagCA7gC4czGnQbAAgHSAiQ0ZDJmYWE0ZS05MTc0LTQyMDctYmUwOS00MTNkYTVjMTNhMjjYAgXgAgE&ucfs=1&arphpl=1&group_adults=2&req_adults=2&no_rooms=1&group_children=0&req_children=0&hpos=16&hapos=16&sr_order=class&srpvid=5edc6cb00e63042a&srepoch=1672586867&from_sustainable_property_sr=1&from=searchresults#hotelTmpl,"8,7",28 expériences vécues,Eyragues
L'Oustau de Mistral,https://www.booking.com/hotel/fr/l-oustau-de-mistral.fr.html?aid=304142&label=gen173nr-1FCAQoggJCD3NlYXJjaF9leXJhZ3Vlc0gNWARoTYgBAZgBDbgBF8gBDNgBAegBAfgBA4gCAagCA7gC4czGnQbAAgHSAiQ0ZDJmYWE0ZS05MTc0LTQyMDctYmUwOS00MTNkYTVjMTNhMjjYAgXgAgE&ucfs=1&arphpl=1&group_adults=2&req_adults=2&no_rooms=1&group_children=0&req_children=0&hpos=17&hapos=17&sr_order=class&srpvid=5edc6cb00e63042a&srepoch=1672586867&from=searchresults#hotelTmpl,"9,1",101 expériences vécues,Eyragues
Domaine de la Girafe,https://www.booking.com/hotel/fr/domaine-de-la-girafe.fr.html?aid=304142&label=gen173nr-1FCAQoggJCD3NlYXJjaF9leXJhZ3Vlc0gNWARoTYgBAZgBDbgBF8gBDNgBAegBAfgBA4gCAagCA7gC4czGnQbAAgHSAiQ0ZDJmYWE0ZS05MTc0LTQyMDctYmUwOS00MTNkYTVjMTNhMjjYAgXgAgE&ucfs=1&arphpl=1&group_adults=2&req_adults=2&no_rooms=1&group_children=0&req_children=0&hpos=18&hapos=18&sr_order=class&srpvid=5edc6cb00e63042a&srepoch=1672586867&from=searchresults#hotelTmpl,"9,5",43 expériences vécues,Eyragues
Les Hauts d'Eyragues gite Rêverie Meublé classé 4 étoiles,https://www.booking.com/hotel/fr/les-hauts-d-eyragues-gite-reverie-meuble-classe-4-etoiles.fr.html?aid=304142&label=gen173nr-1FCAQoggJCD3NlYXJjaF9leXJhZ3Vlc0gNWARoTYgBAZgBDbgBF8gBDNgBAegBAfgBA4gCAagCA7gC4czGnQbAAgHSAiQ0ZDJmYWE0ZS05MTc0LTQyMDctYmUwOS00MTNkYTVjMTNhMjjYAgXgAgE&ucfs=1&arphpl=1&group_adults=2&req_adults=2&no_rooms=1&group_children=0&req_children=0&hpos=19&hapos=19&sr_order=class&srpvid=5edc6cb00e63042a&srepoch=1672586867&from=searchresults#hotelTmpl,N/A,N/A,Eyragues
Les Hauts d'Eyragues gîte Aigue Marine Meublé classé 4 étoiles,https://www.booking.com/hotel/fr/aigue-marine-2personnes-meuble-classe-4-etoiles.fr.html?aid=304142&label=gen173nr-1FCAQoggJCD3NlYXJjaF9leXJhZ3Vlc0gNWARoTYgBAZgBDbgBF8gBDNgBAegBAfgBA4gCAagCA7gC4czGnQbAAgHSAiQ0ZDJmYWE0ZS05MTc0LTQyMDctYmUwOS00MTNkYTVjMTNhMjjYAgXgAgE&ucfs=1&arphpl=1&group_adults=2&req_adults=2&no_rooms=1&group_children=0&req_children=0&hpos=20&hapos=20&sr_order=class&srpvid=5edc6cb00e63042a&srepoch=1672586867&from_sustainable_property_sr=1&from=searchresults#hotelTmpl,N/A,N/A,Eyragues
"Amazing home in Eyragues with 4 Bedrooms, WiFi and Outdoor swimming pool",https://www.booking.com/hotel/fr/nice-home-in-eyragues-w-outdoor-swimming-pool-wifi-and-outdoor-swimming-pool.fr.html?aid=304142&label=gen173nr-1FCAQoggJCD3NlYXJjaF9leXJhZ3Vlc0gNWARoTYgBAZgBDbgBF8gBDNgBAegBAfgBA4gCAagCA7gC4czGnQbAAgHSAiQ0ZDJmYWE0ZS05MTc0LTQyMDctYmUwOS00MTNkYTVjMTNhMjjYAgXgAgE&ucfs=1&arphpl=1&group_adults=2&req_adults=2&no_rooms=1&group_children=0&req_children=0&hpos=21&hapos=21&sr_order=class&srpvid=5edc6cb00e63042a&srepoch=1672586867&from=searchresults#hotelTmpl,N/A,N/A,Eyragues
le gîte Lou Jas,https://www.booking.com/hotel/fr/studio-eyrargues.fr.html?aid=304142&label=gen173nr-1FCAQoggJCD3NlYXJjaF9leXJhZ3Vlc0gNWARoTYgBAZgBDbgBF8gBDNgBAegBAfgBA4gCAagCA7gC4czGnQbAAgHSAiQ0ZDJmYWE0ZS05MTc0LTQyMDctYmUwOS00MTNkYTVjMTNhMjjYAgXgAgE&ucfs=1&arphpl=1&group_adults=2&req_adults=2&no_rooms=1&group_children=0&req_children=0&hpos=22&hapos=22&sr_order=class&srpvid=5edc6cb00e63042a&srepoch=1672586867&from=searchresults#hotelTmpl,"9,5",28 expériences vécues,Eyragues
Gîte Soleïado,https://www.booking.com/hotel/fr/gite-soleiado.fr.html?aid=304142&label=gen173nr-1FCAQoggJCD3NlYXJjaF9leXJhZ3Vlc0gNWARoTYgBAZgBDbgBF8gBDNgBAegBAfgBA4gCAagCA7gC4czGnQbAAgHSAiQ0ZDJmYWE0ZS05MTc0LTQyMDctYmUwOS00MTNkYTVjMTNhMjjYAgXgAgE&ucfs=1&arphpl=1&group_adults=2&req_adults=2&no_rooms=1&group_children=0&req_children=0&hpos=23&hapos=23&sr_order=class&srpvid=5edc6cb00e63042a&srepoch=1672586867&from=searchresults#hotelTmpl,"8,7",8 expériences vécues,Eyragues
Soleil et Cigales,https://www.booking.com/hotel/fr/soleil-et-cigales.fr.html?aid=304142&label=gen173nr-1FCAQoggJCD3NlYXJjaF9leXJhZ3Vlc0gNWARoTYgBAZgBDbgBF8gBDNgBAegBAfgBA4gCAagCA7gC4czGnQbAAgHSAiQ0ZDJmYWE0ZS05MTc0LTQyMDctYmUwOS00MTNkYTVjMTNhMjjYAgXgAgE&ucfs=1&arphpl=1&group_adults=2&req_adults=2&no_rooms=1&group_children=0&req_children=0&hpos=24&hapos=24&sr_order=class&srpvid=5edc6cb00e63042a&srepoch=1672586867&from=searchresults#hotelTmpl,N/A,N/A,Eyragues
Les Mazets de Marie de Jules,https://www.booking.com/hotel/fr/les-mazets-de-marie-de-jules.fr.html?aid=304142&label=gen173nr-1FCAQoggJCD3NlYXJjaF9leXJhZ3Vlc0gNWARoTYgBAZgBDbgBF8gBDNgBAegBAfgBA4gCAagCA7gC4czGnQbAAgHSAiQ0ZDJmYWE0ZS05MTc0LTQyMDctYmUwOS00MTNkYTVjMTNhMjjYAgXgAgE&ucfs=1&arphpl=1&group_adults=2&req_adults=2&no_rooms=1&group_children=0&req_children=0&hpos=25&hapos=25&sr_order=class&srpvid=5edc6cb00e63042a&srepoch=1672586867&from=searchresults#hotelTmpl,"9,4",165 expériences vécues,Eyragues
